{
    "accuracy": [
        0.09375,
        0.39750000834465027,
        0.6579930186271667,
        0.7623999714851379,
        0.8371999859809875,
        0.8701000213623047,
        0.8999999761581421,
        0.914900004863739,
        0.9262999892234802,
        0.9369000196456909
    ],
    "loss": [
        3.187106132507324,
        1.8265513181686401,
        1.0567787885665894,
        0.7783554196357727,
        0.5845000743865967,
        0.483783483505249,
        0.40209436416625977,
        0.34901535511016846,
        0.30786848068237305,
        0.27394163608551025
    ],
    "val_accuracy": [
        0.10000000149011612,
        0.49559998512268066,
        0.7003999948501587,
        0.8266000151634216,
        0.7850000262260437,
        0.9129999876022339,
        0.9358000159263611,
        0.9319999814033508,
        0.7671999931335449,
        0.9154000282287598
    ],
    "val_loss": [
        2.391465187072754,
        1.5057393312454224,
        1.0594674348831177,
        0.6581800580024719,
        0.8353557586669922,
        0.38364821672439575,
        0.28027862310409546,
        0.2847626805305481,
        0.8067088723182678,
        0.34802573919296265
    ]
}